Section,Title,Summary
EnergyEnvironment,"Top Bidder for Citgo Is Elliott-Backed Group, Court Master Says","The sale, which requires a judge’s approval, would help compensate foreign companies owed billions of dollars by the government of Venezuela, which owns Citgo."
EnergyEnvironment,Hurricanes and Wildfires Are Taxing Utilities. Can A.I. Help?,"From hurricanes to wildfires, a new generation of technologies could help utilities better plan for the risk of extreme weather to their electric grid."
EnergyEnvironment,Climate Forward: Confronting Our New Reality,Solutions to the problem of climate change have never been more clear. But the scale of the problem keeps getting bigger.
EnergyEnvironment,The World Is a Mess. That Makes the Climate Crisis Harder to Solve.,"A transformed China, conflicts in Ukraine and elsewhere, and intractable clashes over money have pushed the prospects of progress to a new low."
EnergyEnvironment,How Dangerous Is PFAS in Food?,There’s a growing understanding of the health threats of PFAS chemicals in what we eat and drink.
EnergyEnvironment,Did PFAS From Sewage Sludge Poison a Family Farm?,"Pastures were fertilized with toxic sewage decades ago. Nobody knew, until the cows’ milk was tested."
EnergyEnvironment,Critics Fear Tax Subsidies for Carbon Capture Won’t Be Checked,Some activists are questioning whether the federal government can accurately verify a tax program for facilities that store planet-warming gases.
EnergyEnvironment,Three Mile Island Plans to Reopen as Demand for Nuclear Power Grows,"The infamous plant, closed since 2019, is getting a new lease on life after Microsoft agreed to buy its electricity to supply a growing fleet of data centers."
EnergyEnvironment,Prehistoric Earth Was Very Hot. That Offers Clues About Future Earth.,"At times during the past half-billion years, carbon dioxide warmed our planet more than previously thought, according to a new reconstruction of Earth’s deep past."
EnergyEnvironment,Asphalt Schoolyards Get a Shady Makeover,"Schools across the country are adding trees, tent-like structures and water to their playgrounds as temperatures soar."
EnergyEnvironment,"Methane Levels Still Rising, Despite Global Methane Pledge","Satellite data shows the U.S. releasing more and more of the potent greenhouse gas into the atmosphere, researchers said, despite pledges to cut back."
EnergyEnvironment,Tyson Is Sued Over Labeling of ‘Climate-Smart’ Beef,"An environmental group said the company, a major food producer, was misleading shoppers with its claims about eco-friendly practices."
EnergyEnvironment,G.M. Electric Vehicles Gain Access to Tesla Chargers,"After a delay of several months, General Motors said owners of its battery-powered models would now be able to use Tesla charging stations with adapters."
EnergyEnvironment,How Colorado’s Thompson Divide Got Protection From Oil and Gas Drilling,"The members of a self-described ragtag group had little in common, but their campaign could serve as model for future environmental efforts."
EnergyEnvironment,Big Energy Issue in Pennsylvania Is Low Natural Gas Prices. Not Fracking.,"Energy businesses and farmers in western Pennsylvania are struggling because of prices, an issue that has not figured prominently in the campaigns of Donald J. Trump and Kamala Harris."
EnergyEnvironment,"Noisy, Hungry Data Centers Are Catching Communities by Surprise",Residents rarely learn how data centers and their noise and energy and water use may affect their lives until it’s too late.
EnergyEnvironment,"Pollution May Affect the Color of City Birds, Research Shows","Recent studies show that certain feather pigments can help neutralize toxic pollution. It means darker, duller birds could have a survival advantage."
EnergyEnvironment,Climate Lawsuits Are Exploding. Are Homicide Charges Next?,The courts have become one of the most important battlegrounds in the fight over planet-warming emissions. Here are prominent cases to watch.
EnergyEnvironment,Youth Group Asks Supreme Court to Revive a Landmark Climate Lawsuit,The case argues the government violated young people’s constitutional rights by failing to curb the use of fossil fuels. A lower court had thrown it out.
EnergyEnvironment,"Offshore Wind Slowed by Broken Blades, Rising Costs and Angry Fishermen",Accidents involving blades made by GE Vernova have delayed projects off the coasts of Massachusetts and England and could imperil climate goals.
Technology,"Elon Musk’s Week on X: Deepfakes, Falsehoods and Lots of Memes","Almost a third of 171 posts last week from the X owner were false, misleading or missing vital context."
Technology,"Mira Murati, Chief Technology Officer at OpenAI, Is Leaving Company","Mira Murati, the chief technology officer, and two others are leaving as leaders including Sam Altman work to transform the start-up."
Technology,Caroline Ellison Sentenced to Two Years in Prison for Role in FTX Fraud,"A top adviser to Sam Bankman-Fried, the disgraced founder of FTX, Ms. Ellison pleaded guilty to conspiring with him to steal $8 billion and became a crucial witness for the prosecution."
Technology,Mark Zuckerberg’s Political Evolution,He was once a backer of liberal causes. Then everyone seemed to turn on him. Now he wants to stay away from politics — if that’s possible.
Technology,California’s Governor Gavin Newsom Vetoes Sweeping A.I. Legislation,"The bill would have been the first in the nation to place strict guardrails on the new technology, but Gov. Gavin Newsom said the bill was flawed."
Technology,California Passes Law Protecting Consumer Brain Data,The state extended its current personal privacy law to include the neural data increasingly coveted by technology companies.
Technology,"Why Stellantis, Owner of Chrysler, Jeep and Ram, Is Struggling","The automaker, created by a 2021 merger, is dealing with labor unrest, slumping sales and a revolt from its dealers."
Technology,OpenAI Is Growing Fast and Burning Through Piles of Money,"As the company looks for more outside investors, documents reviewed by The New York Times show consumer fascination with ChatGPT and a serious need for more cash."
Technology,Titan Sub Hearing: What We’ve Learned So Far,"Contrary to public reports last year, the passengers probably had no idea that the vessel was about to implode."
Technology,How Google Defended Itself in the Ad Tech Antitrust Trial,"The tech giant, which wrapped up its arguments in the federal monopoly trial, simply says it has the best product."
Technology,"Meta’s Race for Your Face, Google’s Hit A.I. Notebook and HatGPT",Building great A.R. glasses is the hardest problem in consumer technology.
Technology,Meta Unveils New Virtual Reality Headset and Other Products,"At an event in Silicon Valley, the company exhibited a range of products meant to blend the real world and virtual reality, with a healthy dose of A.I."
Technology,Why OpenAI Is Trying to Raise So Much Money?,The San Francisco A.I. start-up believes there is not enough computing power on Earth to build the artificial intelligence it wants to create.
Technology,Tips for Easier and Faster Typing on Your Smartphone,"Shortcuts, small external keyboards and even improved (and free) dictation software can make long sessions of text input much simpler."
Technology,CrowdStrike Executive Questioned by Lawmakers Over Global Tech Outage,"Adam Meyers, a senior vice president of the cybersecurity firm, testified in front of a House Homeland Security subcommittee about the July mishap."
Technology,How Meta Distanced Itself From Politics,"Ahead of November’s election, Meta has de-emphasized political content on Facebook, Instagram and Threads and doesn’t want to talk about candidates or campaigns."
Technology,"Spurned by Social Media, Publishers Chase Readers on WhatsApp",News outlets are experimenting with a feature in the world’s most popular messaging app that allows them to send links and headlines directly to followers.
Technology,Elon Musk Hails Italian Leader Giorgia Meloni at Awards Ceremony,"Mr. Musk described Prime Minister Giorgia Meloni as “authentic, honest and thoughtful.” She used her Atlantic Council spotlight to defend Western values."
Technology,Can Math Help AI Chatbots Stop Making Stuff Up?,Chatbots like ChatGPT get stuff wrong. But researchers are building new A.I. systems that can verify their own math — and maybe more.
Technology,Will A.I. Be a Bust? A Wall Street Skeptic Rings the Alarm.,"Jim Covello, Goldman Sachs’s head of stock research, warned that building too much of what the world doesn’t need “typically ends badly.”"
Technology,Biden Administration Proposes Ban on Chinese Software in Vehicles,"Federal officials acknowledged that few Chinese vehicles were on U.S. roads now, but said that the administration wanted to take proactive measures to strengthen national security."
Technology,Could Altering Ocean Chemistry Help Slow Global Warming?,"By tweaking the chemistry of rivers and oceans, humans could remove billions of tons of carbon dioxide from the air. But huge challenges loom."
Sports,"Alabama, Georgia and the Art of an Instant Classic",Georgia had won 42 consecutive regular-season games before the first-year Alabama Coach Kalen DeBoer put his stamp on a rivalry.
Sports,Which N.F.L. Team Has the Best Front Office? One Stands Above the Rest.,Forty league executives and coaches submitted a ballot with their top five. These are the results.
Sports,Paul Skenes Is M.L.B.’s Most Dominant Rookie Pitcher in 50 Years,The Pittsburgh Pirates starter struck out Aaron Judge and Juan Soto and ended his season with a 1.96 earned run average.
Sports,Caitlin Clark Condemns ‘Hateful’ Rhetoric Toward W.N.B.A. Players,The online targeting of players appears to have reached a tipping point during the postseason.
Sports,Alabama Doesn’t Need Nick Saban to Be a College Football Powerhouse,"Kalen DeBoer took the job 261 days ago, but Saturday felt like the moment he truly became the Crimson Tide’s coach, a columnist for The Athletic writes."
Sports,What’s a Season on a Terrible Team Like? We Asked These Baseball Players.,"“It hits you in the face every day,” Alex Cobb said. “Wake up, do it again.”"
Sports,An N.F.L. Broadcasting Pioneer Is Back After Darkness Sidelined Him,"Mike Pereira became the league’s first rules analyst in 2010. But at age 73 and in deep agony, his mind wandered: “I almost gave up.”"
Sports,How Indonesia Turns Unknown Soccer Players Into Superstars,Some of the game’s lesser-known players are becoming online sensations with millions of followers.
Sports,What Tom Hanks and Other Fans Think About the A’s Leaving Oakland,"“How in the world,” Hanks wrote in an email to The Athletic, “does Major League Baseball turn inside-out one of the most storied franchises in the history of the game?”"
Science,Things Are Looking Up for Africa’s Upside-Down Baobab Trees,"A researcher followed up on a study warning that the massive trees were in danger, and found many venerable specimens thriving."
Science,This Fish Evolved Legs That It Uses to Taste Stuff on the Seafloor,"While the sea robin has legs, it still doesn’t need a bicycle."
Science,"The Sun Will Destroy the Earth One Day, Right? Maybe Not.","Astronomers spotted a potential Earth-size rocky world orbiting a white dwarf, suggesting a future in which our planet outlives its star."
Science,A Leggy Tyrannosaur Emerges From a Mexican Desert,Scientists say that the fossil of a close relative of Tyrannosaur rex bolsters their case for a distinctive southern population of the fearsome dinosaurs.
Science,Astronomers Spot a Black Hole with a Cosmic Wingspan,Astronomers have discovered a black hole emitting energy in jets longer than the width of 140 Milky Way galaxies.
Science,"World’s Oldest Cheese Stood Alone for 3,600 Years",The cheese was dug up with mummified human remains in the Xinjiang region of China and offers insights into the origins of the dairy product known as kefir.
Science,Desert Racers Demolish Art Carved by Ancient People in Chile,"Preservationists say governments at all levels have failed to prevent authorized and illegal off-road racers from driving through giant figures of animals, humans and objects."
Science,Gabriel Sachter-Smith’s Quest for Wild Bananas Around the World,One man’s “never-ending quest” for the least-known varieties of the world’s most-eaten fruit.
Science,"Rabies Death in Minnesota Linked to Exposure to Bat, Officials Say","The death, which was reported on Friday, is only the fifth fatal human rabies case in Minnesota since 1975, health officials said."
Science,SpaceX Launches Crew-9 Mission to Bring NASA Starliner Astronauts Home,"Two astronauts — one American, one Russian — are headed to the International Space Station with two empty seats for crewmates who are already in orbit."
Science,Power Outages Hamper Assessment of Landslides From Helene,"With communication lines down in the mountains amid Helene, early reports were unclear about how many landslides had occurred and the extent of damage from the storm."
Science,"After Your Death, Who Takes Care of the Dog?","A pet trust designates a new guardian for companion animals and sets aside funds for their care. Better yet, it’s legally binding."
Science,Viewfinders Make Fall Foliage Pop for the Colorblind in Virginia,Specialized viewfinders installed across state parks let visitors with red-green colorblindness see more distinct colors.
Science,Biden Officials Stave Off Sticker Shock on Medicare Drug Premiums,Federal regulators spent billions of dollars to avoid a spike in costs for older Americans that could have been politically damaging to the presidential campaign of Vice President Kamala Harris.
Science,Possible Cluster of Human Bird-Flu Infections Expands in Missouri,"Seven people in contact with a patient hospitalized with bird flu also developed symptoms, the C.D.C. reported. Some are undergoing further tests."
Science,Acadia Healthcare Says It Faces New Federal Investigations,"Shares of the company, one of the largest chains of for-profit psychiatric hospitals, were down 25 percent at one point."
Science,Risk of Heart Defects Higher in Babies Conceived With I.V.F.,"The birth defects were more likely, but still very uncommon, in infants conceived through certain fertility treatments, a large study found."
Science,F.D.A. Approves a New Antipsychotic Drug,"Available antipsychotic treatments work by blocking dopamine receptors. The new drug, Cobenfy, takes a different approach."
Science,Acadia Hospitals Reach $20 Million Settlement With Justice Dept.,The F.B.I. is also investigating the large chain of psychiatric hospitals for holding patients longer than what is medically necessary.
Science,The Global Threat of Antibiotic Resistance,"Health experts, gathering at the U.N., have begun to shift their focus to try to provide access to basic drugs in countries where preventable deaths from infections occur too frequently."
Science,"A Patchwork of Cannabis Laws Creates Health Risks, Study Finds",A new report calls for public education and closing of legal loopholes to keep the public safe.
Science,A Remote Alaskan Island Is on High Alert for a Rat,"Wildlife experts fear that a rat could disrupt the island’s delicate balance, so they are pulling out all the stops."
Science,Lawmakers Seek Inquiry Into F.D.A. Device Chief’s Potential Conflicts,A top medical device regulator’s work overlapped at times with his wife’s legal representation of clients with business before the agency.
Science,A London Museum’s Evolution Garden Offers a 540-Million-Year Journey,This newly redesigned space at the Natural History Museum in London traces 540 million years of the past while creating an outdoor laboratory for the future.
Science,Study Finds Climate Change Doubled Likelihood of Recent European Floods,Storm Boris dumped record amounts of rain over Central and Eastern Europe this month. A new study found climate change made the deluge more likely.
Science,That Message From Your Doctor? It May Have Been Drafted by A.I.,"Overwhelmed by queries, physicians are turning to artificial intelligence to correspond with patients. Many have no clue that the replies are software-generated."
Science,Punching Octopuses Lead Fish on Hunting Parties,"Octopuses and fish are routinely seen working together on the ocean floor, and now scientists say that the cephalopods are the leaders of the pack."
Science,Was It Really a Hot Zone Summer?,"From Covid to dengue, viral outbreaks seemed to be popping up all over. But maybe Americans are just more attuned to threats now."
Health,Therapy Notes Are Accessible to Patients. Is That a Good Thing?,"Health care systems have been putting therapists’ progress reports online, much to the surprise (and anger) of some patients."
Health,"Widowed and Looking for Love, Like the Golden Bachelorette",“The Golden Bachelorette” offers a glimpse at how dating changes after losing the love of your life. This is what it’s really like.
Health,Drug Overdose Deaths Are Dropping. The Reasons Are Not Perfectly Clear.,The decrease across the country is a major breakthrough in efforts to reverse the effects of fentanyl. Researchers and health officials say there is no easy explanation for the trend.
Health,"Michel Siffre, 85, Dies; Descended Into Caves to Study the Human Mind","He was a pioneer in chronobiology, the study of how our bodies understand the passage of time."
Health,Nasal Flu Vaccine Is Approved for At-Home Use,"The F.D.A. authorized AstraZeneca’s treatment to be given outside a health care setting, although it will still need a prescription."
Health,"Who Is Liv Schmidt, and Why Was She Barred From TikTok?",Liv Schmidt has inspired debates with videos that some believe encourage disordered eating. One social media site tried to remove her.
Arts,Aubrey Plaza Goes for Broke in ‘Megalopolis’ and ‘Agatha All Along’,"Don’t let her deadpan sense of humor fool you. In projects like Francis Ford Coppola’s “Megalopolis,” she puts everything she has on the line."
Arts,"Sean ‘Diddy’ Combs’s White Parties Were Edgy, A-List Affairs. Were They More?","The events helped the music mogul raise his profile. But one woman who worked at them has said in court papers that the parties had a dark side, too."
Arts,"Sean ‘Diddy’ Combs’s Parties, in His Own Words","For decades, Combs and other celebrities have commented on his party lifestyle. Here’s some of what they have publicly said."
Arts,‘S.N.L.’ Recap: Maya Rudolph Returns to Play Kamala Harris,"The 50th season began with several surprise guests and alumni — including Dana Carvey, Jim Gaffigan and Andy Samberg — playing figures in the 2024 election."
Arts,Kamala Harris and Tim Walz Played by Maya Rudolph and Jim Gaffigan on ‘SNL’,"The casting ended months of speculation after President Biden, played on Saturday by Dana Carvey, withdrew from the race. James Austin Johnson continued as Donald Trump."
Arts,Opera Is Still Obsessed With the Suffering of Women,"Two new works, “The Listeners” and “Grounded,” echo the age-old spectacle of female disintegration and show the tension of fitting modern stories into old forms."
Arts,The Forgotten Dealer Who Discovered Picasso and Matisse,A show at the Grey Art Museum re-establishes Berthe Weill as a guiding light of the Parisian avant-garde. Her rediscovery has been led by women.
Arts,"On ‘Downton Abbey,’ Maggie Smith Made an Icy Aristocrat Irresistible","The hit melodrama brought Smith the kind of fame she never wanted, but it is easy to understand why it happened."
Arts,"Laura Donnelly, ‘Hills of California’ Star, Is Not Some Delicate Flower","But she did “burst into tears” reading Jez Butterworth’s rewrite of his new Broadway play, which left her with 10 days “to create an entirely new character.”"
Arts,Thomas Schütte Finally Gets His MoMA Moment,The German artist Thomas Schütte expects blowback when a retrospective of his work opens. Maybe he even enjoys that prospect.
Arts,"New York Film Festival Pitches Its Ever-Expanding, Global Tent","Standout selections include “Nickel Boys,” the Mumbai-set “All We Imagine as Light” and the documentary “Dahomey,” about African repatriation."
Arts,5 Podcasts for Word Nerds,"These shows explore the origin stories of common phrases and terms, the evolution of language and the biases that affect our perceptions of speech."
Arts,‘SNL’ Debut Cast and Crew Look Back on 50 Seasons,"With a new film about the show, and a 50th anniversary season starting, Chevy Chase, Garrett Morris, Jane Curtin, Laraine Newman and others look back."
Arts,"Desi Lydic Wants to Be in Central Park, Listening to Chappell Roan","“I love getting out and about early in the day, getting some fresh air and sunlight and seeing the city,” the “Daily Show” host said of her morning ritual."
Arts,What’s on TV This Week: ‘Real Housewives’ and the Vice-Presidential Debate,The Bravo franchise will air two different premieres. And on Tuesday is the first debate between JD Vance and Tim Walz.
Arts,"Review: ‘The Hills of California,’ Alive With the Sound of Music","In Jez Butterworth’s compelling new play, four girls trained to sing close harmony wind up as acrimonious adults."
Arts,"John Ashton, ‘Beverly Hills Cop’ Actor, Dies at 76",Mr. Ashton was most widely recognized for his role as Sgt. John Taggart in the “Beverly Hills Cop” franchise.
Arts,"‘Days of Our Lives’ Actor, Drake Hogestyn, Dies at 70","Mr. Hogestyn was best known for playing John Black on the daytime soap opera and appeared in more than 4,200 episodes over 38 years."
Arts,Harris to Discuss Race and Police Brutality on Sports Podcast,A nearly hourlong conversation on “All the Smoke” could help Vice President Kamala Harris reach Black men in the closing weeks of her presidential campaign.
Arts,Ta-Nehisi Coates Knows Not Everyone Will Love ‘The Message’,"In “The Message,” Coates grapples with questions about which stories are told, and how, through his visits to Senegal, South Carolina and the West Bank."
Arts,"Molly Recommends Small Takes on Big Ideas, and a Novel of Sisterhood",James Richardson’s aphorisms; Nora Lange’s novel “Us Fools”
Arts,Harris’s Historic Run Could Outpace Hollywood’s Oval Offices,"Black and Asian American women have rarely, if at all, played the U.S. commander in chief in television and film. As Kamala Harris makes her presidential bid, Hollywood lags behind."
Arts,‘SNL’: Here’s What Critics Thought of the First Episode,The late-night institution begins its 50th season on Saturday. Here’s how The New York Times and others covered its debut in 1975.
Arts,Adam Dressner’s Subjects Step Out of His Paintings in Grand Central Show,"Adam Dressner, a lawyer turned portrait artist, began painting eccentric New Yorkers a few years ago. Many of them made an appearance at a recent exhibition."
Arts,"Clarice Rivers, Earthy Muse of Two Artists, Dies at 88","She inspired Niki de Saint Phalle to create the fantastical female avatars she called the Nanas. She also inspired her husband, Larry Rivers."
Arts,Maggie Smith Was Imperious in the Most Delightful Way,"Throughout her career and on “Downton Abbey,” she perfected the role of the commanding Englishwoman with an arrow-sharp wit."
Arts,Chappell Roan Cancels a Pair of Big Shows After Tumultuous Weeks,The pop star said things had “gotten overwhelming” and bowed out of festivals in New York and Maryland after a period in which her politics came under scrutiny.
Arts,National Symphony Orchestra Players Reach Deal After Brief Strike,"The musicians won a raise of about 8 percent over two years after a short work stoppage, the Washington ensemble’s first in 46 years."
Arts,"With Sean ‘Diddy’ Combs in Jail, He Faces Another Lawsuit",The latest lawsuit includes accusations of drugging and coerced sex as recently as this year. Mr. Combs’s lawyers have said the claims are attempts to obtain quick settlements.
Arts,Maggie Smith: A Life in Pictures,"She had a long, award-winning career as a screen and stage actress, finally becoming a household name with her memorable turn in “Downton Abbey.”"
Arts,"Lady Gaga’s ‘Joker,’ and a Tour of Musical Clowning","Clowns, harlequins, jokers and Pierrots have served as the main characters in countless songs over the years, but they’re rarely there to conjure cheap laughs."
Arts,"The Cure’s First Fresh Music in 16 Years, and 9 More New Songs","Hear tracks by Lady Gaga, Rosalía, Stevie Nicks and others."
Arts,"Richard Pettibone, Master of the Artistic Miniature, Dies at 86","He painted tiny reproductions of works by Warhol, Lichtenstein, Duchamp and many others, raising questions about originality and creativity."
Arts,"Review: Roald Dahl Is Antisemitic, but Not a Cartoon Villain, in ‘Giant’","A new play in London portrays the beloved children’s author as a rounded character, while making no apology for his bigotry."
Arts,"Neil King Jr., Who Wrote of a Long Walk of ‘Renewal,’ Dies at 65","His book, “American Ramble,” lyrically recounted a 330-mile trek from Washington, D.C., to New York City while he was in remission from cancer."
Arts,Five Science Fiction Movies to Stream Now,"In this month’s picks, time loops, aliens and ecological collapse."
Arts,Stream Maggie Smith’s Greatest Performances,"In “Downton Abbey,” “A Room With a View” and dozens of other films and television series, she delighted audiences with her portrayal of sharp, tart-tongued and often wryly funny Englishwomen."
Arts,"A Local’s Guide to Chiang Rai, Thailand","Four insiders on where to stay, eat “micro-seasonal” dishes and shop for handmade pottery and textiles."
Arts,‘Titaníque’ Was Her Big Hit. Is ‘Big Gay Jamboree’ Really Her Swan Song?,"Two years after debuting the “Titanic” parody, Marla Mindelle says her new show, with Margot Robbie as a producer, may be her last as an actor."
Arts,Just Stop Oil Activists Sentenced for Attack on Van Gogh Painting,"A judge said he hoped to deter protests when he handed down lengthy terms for the two activists, who dumped soup on the painting in 2022. Later that day, activists did it again."
Arts,Andrew Scott Will Perform One-Man ‘Vanya’ Off Broadway Next Spring,"The Olivier Award-winning revival, in which the actor plays all of the parts, is to begin previews March 11 at the Lucille Lortel Theater."
Arts,Some of America’s Best Art Is in the Yard,"For people who have historically been excluded by museums and galleries, their own properties have became a source of inspiration."
Arts,"Maggie Smith, Grande Dame of Stage and Screen, Dies at 89","She earned an extraordinary array of awards, from Oscars to Emmys to a Tony, but she could still go almost everywhere unrecognized. Then came “Downton Abbey.”"
Arts,Watch a Chaotic Rehearsal in ‘Saturday Night’,"The director Jason Reitman narrates a sequence from his film about the production of the first episode of “Saturday Night Live.” Spoiler alert, making the show wasn’t easy."
Arts,‘Saturday Night’ | Anatomy of a Scene,The director Jason Reitman narrates a sequence from his film about the making of the first episode of “Saturday Night Live.”
Arts,9 New Movies Our Critics Are Talking About This Week,"Whether you’re a casual moviegoer or an avid buff, our reviewers think these films are worth knowing about."
Arts,Rubin Museum’s Tibetan Shrine Will Move to Brooklyn Museum,The collection of art and ritual objects will move to the Brooklyn Museum for six years starting in June after the Rubin closes its building to focus on traveling exhibitions and long-term loans.
Arts,Maisy Stella of ‘My Old Ass’ on Her Rise to Fame,"Maisy Stella stars in “My Old Ass,” a new coming-of-age film. After years as a child actor, she says it was going to high school that helped her prepare."
Arts,Will Ferrell-Harper Steele Documentary Drops on Netflix,"Will Ferrell and Harper Steele, a former “Saturday Night Live” writer, use a road trip to navigate their relationship now that she is out as a trans woman."
Arts,Francis Ford Coppola and ‘Megalopolis’: What to Know,"The controversies surrounding the new epic include accusations of on-set problems, a pulled trailer and more."
Arts,"‘The Bouncer,’ ‘Pearl’ and More Streaming Gems","This month’s under-the-radar streaming suggestions include unexpectedly poignant action flicks, highly stylized horror pictures and documentaries about art thieves and sperm donors."
Arts,Katy Perry’s ‘143’ Is Bad. Her Timing Is Worse.,"The pop singer’s latest LP, “143,” has been gleefully panned, but its musical faults aren’t as remarkable as Perry’s failure to read the current cultural moment."
Arts,Melissa George Brings Cinematic Glamour to a 17th-Century French Manor,"“This is a woman’s home,” the actress says. “If a man walks in, I want him to feel like a guest.”"
Arts,Late Night Roasts New York Mayor Eric Adams Over His Indictment,Jimmy Fallon joked that it’s “always fun when the city mimics the exact plot of a Batman movie.”
Arts,Man Sentenced to Life in Prison in Fatal Shooting of Rapper Young Dolph,"The man, Justin Johnson, was sentenced on Thursday in the fatal 2021 shooting of the rapper who was gunned down outside a Memphis cookie shop in broad daylight."
Arts,"Nick Gravenites, Mainstay of the San Francisco Rock Scene, Dies at 85","A blues devotee from Chicago, he tasted fame in the late 1960s with the Electric Flag, a band that made its debut at Monterey but proved short-lived."
Arts,7 New Books We Recommend This Week,Suggested reading from critics and editors at The New York Times.
Arts,The Stage Combat Is Verbal in These Off Broadway Plays,Belarus Free Theater’s “KS6: Small Forward” and three other shows are reminders that there are many ways to portray conflicts and confrontations onstage.
Arts,An Exclusive Look at the Met’s Reimagined Rockefeller Wing,"With more than 1,800 works from five continents, and new scholarship, refreshed galleries present the arts of Africa, the Ancient Americas and Oceania as three distinct areas."
Arts,Holy Hollywood! Batman Is the First Superhero With a Walk of Fame Star.,"The caped crusader, who debuted in 1939, joins other illustrious figures — including Adam West, the actor who played him on TV."
Economy,The Fed’s Preferred Inflation Gauge Cooled in August,"Inflation is slowing so much that some economists said it could pave the way for another big Fed rate cut, if other data suggest one is warranted."
Economy,"As Strike Looms, Port Operators Ask Regulator to Force Dockworkers to Negotiate",The group that represents port terminal operators said the International Longshoremen’s Association was refusing to negotiate a new contract before a Monday deadline.
Economy,"Trump’s Plans Could Spur Inflation While Slowing Growth, Study Finds",A nonpartisan economic analysis warned that deporting migrants and increasing tariffs would damage the U.S. economy.
Economy,Harris Now Has an Economic Plan. Can It Best Trump’s Promises?,A central question in the final stretch of the election is if Vice President Kamala Harris’s proposals will cohere into an economic argument that can top former President Donald J. Trump’s.
Economy,"U.S. Economy Had Stronger Rebound From Pandemic, G.D.P. Data Shows","Updated figures show that gross domestic product, adjusted for inflation, grew faster in 2021, 2022 and early 2023 than previously reported."
Economy,Harris’s Economic Pitch: Capitalism for the Middle Class,"In a major address in Pittsburgh, the vice president praised business and used technical language to court economy-minded voters skeptical of big government."
Economy,"Trump’s Low-Tax, High-Tariff Strategy Could Clash With Economic Realities",The former president’s efforts to compel companies to remain in the United States had limited success while he was in the White House.
Economy,Harris to More Fully Detail Economic Plans,"With a speech on Wednesday and a lengthy policy document, Vice President Kamala Harris’s campaign is set to lay out her economic vision as voters say they want to know more about her approach."
Economy,An East Coast Port Strike Could Shake the Economy,"Businesses are preparing for a strike by dockworkers on the East and Gulf Coasts, which could begin Oct. 1 if negotiations don’t yield a new contract."
Economy,Boeing Says It Has Made Its ‘Best and Final’ Offer to Striking Workers,"The proposal includes raises of 30 percent over the four-year contract, up from a 25 percent offer, but it’s unclear whether it will satisfy workers."
Economy,What’s Next for Rate Cuts? The Fed Is Watching Jobs and Prices.,A Federal Reserve official predicted quarter point rate cuts if data looked ‘fine’. But he also set out a scenario for a pause — or faster reductions.
Economy,"Interest Rates Fall, but Central Banks Are No Longer in Lock Step","Officials in some countries started cutting rates last year, but others, including those in Europe and the United States, have taken a more cautious approach."
Economy,"After Fed Cuts Rates, Biden Claims Credit for Economy’s Strength","The president said he was not declaring victory over inflation, but marking a pivot point for the recovery from pandemic recession."
Economy,How Inflation and High Interest Rates Have Changed the Economy,"As inflation cools and the Federal Reserve cuts rates, an era of economic upheaval is coming to a close, but not without lingering marks."
Economy,Boeing to Begin Temporary Layoffs Due to Strike,The aerospace giant said it would temporarily lay off tens of thousands of employees to stem losses from a walkout by the machinists’ union.
Economy,"What Trump Has Said About Interest Rates, and Why It Matters","He has suggested that presidents should “have a say” on interest rates, though he later walked the comment back."
Economy,Fed’s Interest Rate Cut Would Cap a Winning Streak for Harris and Biden on Prices,"Improved data on borrowing costs and price growth has buoyed consumers, but it might be coming too late to significantly affect the presidential race."
Economy,Fed Cuts Interest Rates for First Time in Four Years,"Fed officials kicked off rate cuts with a half-point reduction, confident that inflation is cooling and eager to keep the job market strong."
Economy,"How the Fed Cutting Interest Rates Affects Stocks, Banks and More","For corporate America, this week’s expected interest rate cut carries risks along with rewards."
Economy,"How SMIC, China’s Semiconductor Champion, Landed in the Heart of a Tech War","Efforts by the Beijing-backed Semiconductor Manufacturing International Corporation, or SMIC, to break through innovation barriers have landed it in a geopolitical tech battle."
Technology,Cerebras Files Prospectus for I.P.O.,The Silicon Valley company would be among the first A.I. companies to go public since the release of ChatGPT nearly two years ago.
Technology,G.M. Reaches $1.5 Million Fine After Self-Driving Taxi Accident,The General Motors subsidiary reached a settlement with the main auto safety regulator after one of its self-driving taxis struck a pedestrian in San Francisco last year.
Technology,OpenAI Completes Deal That Values Company at $157 Billion,The A.I. start-up’s valuation has risen by more than $70 billion in nine months.
Technology,Did Apple Just Kill Social Apps?,Some app makers worry that a subtle change to the iPhone’s contact-sharing permissions could make it hard for them to get the fast growth they need to compete.
Technology,"Tesla Sales Increase, Suggesting Electric Car Demand Is Rebounding","The automaker reported a gain of 6.4 percent for the latest quarter, its first such increase this year."
Technology,Apple’s A.I. Is Landing Soon on iPhones. Here’s What It’s Like.,The initial version of Apple Intelligence focuses on helping you with words and photos. Prepare to be impressed and unnerved.
Technology,"CRV, a Venture Capital Firm, Will Return Money to Investors","CRV, based in Silicon Valley, plans to return to investors $275 million because the market for mature start-ups has soured."
Technology,Robert Downey Jr. Is a Novelist With a Novel Muse in ‘McNeal’,The “Oppenheimer” star makes his Broadway debut in Ayad Akhtar’s timely new play about a literary lion who gets assistance from A.I.
Technology,Verizon Mobile Outages Reported Across the U.S.,"The number of cases peaked at more than 100,000 Monday morning, according to the website Downdetector. Users complained of being unable to make calls or send texts."
Sports,What Do N.F.L. Players Think of Their Peers? We Asked Them.,Athletes from around the league voted on topics such as the most annoying player and their least favorite N.F.L. road trip.
Sports,She Won a Kicking Competition. Now She’s a Homecoming Hero.,"At one of California’s blue-blood programs, Aubrey Laue is more than “the girl that was just on the team to just be on the team.”"
Sports,"Two Teams Sue NASCAR, Alleging Monopolistic Practices",Two teams are claiming that NASCAR has unlawfully blocked the formation or growth of any other series.
Sports,The Most Important College Football Games to Watch in October,"Eight games will play an outsized role in shaping the College Football Playoff, a columnist for The Athletic writes."
Sports,Why Do So Many M.L.B. Playoff Games Happen During the Day?,"Every network wants to maximize viewership, and the debate over when to start games isn’t easy to settle."
Sports,The Issue Suddenly Plaguing Patrick Mahomes,"The Kansas City star has five interceptions, which is the most he has ever thrown through the first four games of a season."
Sports,Michigan Is a Hockey Powerhouse. Why Doesn’t It Have a Women’s Team?,"“Right now, the people of Michigan are not being served,” the university regent Denise Ilitch said."
Sports,"Coco Gauff, Naomi Osaka and a Clash Between Stars Who Pivoted","Each player made recent coaching changes, as Gauff is prioritizing long-term success while Osaka wants better results right away."
Sports,Why N.F.L. Players Think Taylor Swift’s Presence at Games Benefits Them,"“She has a worldwide fan base. Non-football fans will become fans or at least viewers in the United States,” one player said."
Science,"After a Decade, Scientists Unveil Fly Brain in Stunning Detail","Scientists have mapped out how 140,000 neurons are wired in the brain of the fruit fly, Drosophila melanogaster."
Science,"You Can Stand Under My Umbrella, if You’re an Egg-Laying Locust",Male locusts have long been observed shielding mates from other males. Researchers say this behavior may also protect the females from desert temperatures.
Science,Wreck of ‘Ghost Ship of the Pacific’ Found Off California,"The rediscovery of the vessel, which was captured by the Japanese for a time during World War II, highlights the potential of underwater autonomous vehicles to map the ocean floor."
Science,Why Mount Everest Is Growing Taller Every Year,"Researchers say that two rivers merged some 89,000 years ago and gave the mightiest peak in the Himalayas a huge growth spurt."
Science,Gilead Agrees to Allow Generic Version of Groundbreaking H.I.V. Shot in Poor Countries,"Many middle-income countries are left out of the deal, widening a gulf in access to critical medicines."
Science,Iran Would Need Much More Than Weeks to Build a Nuclear Bomb,Nuclear experts see Tehran as facing up to a year of hard work to master the knotty basics of building a deliverable atom bomb.
Science,"Officials Cast Doubt on a Dementia Drug, but Human Trials Continue","The S.E.C. alleged shortcomings in research said to support the drug, and its developer agreed to a $40 million settlement. Some experts wonder why clinical trials have not been stopped."
Science,How the VP Candidates Talked About Climate Change,"Tim Walz said climate change is real, but boasted about high U.S. levels of oil and gas production. JD Vance called climate change “weird science.”"
Science,"Hurricane Helene Deaths Will Continue for Years, Study Suggests","Research on hundreds of tropical storms finds that mortality keeps rising for more than a decade afterward, for reasons you might not expect."
Science,‘Ring of Fire’ Solar Eclipse Will Be Visible in Parts of South America,"Not everyone will be able to see the phenomenon, known as an annular eclipse, on Wednesday, though a partial solar eclipse may be visible in parts of Antarctica and Hawaii."
Science,Why Restoring Power After Hurricane Helene Is Complicated,Damage went beyond downed power lines. Hundreds of substations went out after the storm. Getting them back online is difficult.
Science,"Breast Cancer Continues to Rise Among Younger Women, Study Finds",Death rates are declining among U.S. women with breast cancer. But the disease is turning up more often in women under age 50.
Science,"Why Helene Was So Destructive in Florida, the Carolinas and Appalachia","Hurricanes typically weaken over land. But if the ground is already wet from earlier rains, storms can receive an extra jolt that keeps them churning."
Science,California Sues Hospital for Denying Patient an Emergency Abortion,"The state said that despite a doctor’s recommendation and state law, a Catholic hospital declined to provide an abortion because fetal heart tones were present."
Science,"Britain Shuts Down Last Coal Plant, ‘Turning Its Back on Coal Forever’",The Ratcliffe-on-Soar plant was the last surviving coal-burning power station in a country that birthed the Industrial Revolution and fed it with coal.
Arts,Vance and Walz’s Battle of the Network Co-Stars,"In what could be the last prime-time showdown of the 2024 campaign, the supporting players performed against type."
Arts,"Orla Gartland Melds Honesty, Hooks and Noise","On her second album, the internet-native Irish songwriter makes a complicated relationship sound “squonky.”"
Arts,When Monet and Turner Found Beauty in London’s Toxic Fog,"Monet and Turner found something sublime in the polluted 19th-century city — and maybe something darker, too."
Arts,Review: Daniel Dae Kim as a Playwright Unmasked in ‘Yellow Face’,"David Henry Hwang’s 2007 play, now in a fine Broadway revival, is a pointed critique of identity, masquerading as a mockumentary."
Arts,5 Minutes That Will Make You Love Betty Carter,Her intricate phrasing and live improvisational skills made her a cornerstone for artists of all sorts. Listen to songs chosen by 10 musicians and writers who consider her a north star.
Arts,Sarah Snook to Make Broadway Debut in One-Woman ‘Dorian Gray’,The “Succession” actress will play all 26 characters in a stage production of the Oscar Wilde novel.
Arts,"Doug Wheeler’s Celestial Wonder, Now Gallery-Size","Paint, plastic and flashbulbs: What the visionary artist achieves with those materials is astounding in its effect."
Arts,‘Good Bones’ Review: A Gentrification Drama at Public Theater,"A new play from James Ijames, who won a Pulitzer for his “Fat Ham,” has intriguing ideas about identity and community that never fully take shape."
Arts,Review: Finding the Right Rep for a Repertory Company,"Dayton Contemporary Dance Company brought a mixed bill to the Joyce Theater, including a Paul Taylor classic and a dance by the great Rennie Harris."
Arts,"Pras Sues Lauryn Hill Over Canceled Fugees Tour, Alleging Fraud",Ms. Hill was accused of deceiving the other group members about tour finances. She called the lawsuit “baseless” and “full of false claims.”
Arts,"At 75, Charles Atlas Has a Retrospective and a Rebrand","“About Time,” a retrospective opening in Boston, comes at a time of radical change for a pioneer of media dance."
Arts,"An Oasis in England’s Troubled, Polarized Opera Landscape","The Glyndebourne Festival, which receives little government support, has been mostly immune from recent convulsions of the opera industry in Britain."
Arts,The Metropolitan Opera’s Season Begins With a Boom,"“Grounded,” the new work that opened the season, has been joined by revivals of three Puccini, Verdi and Offenbach classics."
Arts,Halloween in New York: Things to Do in October,"The Village Halloween Parade will feature a “cat lady” section, and the New York Botanical Garden has a Tim Burton light installation, plus much more."
Arts,How Levi’s Turned a Beyoncé Song Into an Ad Campaign,"The denim brand was looking for ways to sell more apparel to women, and the megastar gave them a natural spokeswoman thanks to a song on “Cowboy Carter.”"
Arts,"At Frieze London, Arab Artists Look Inward","ATHR Gallery in Jeddah, Saudi Arabia, will showcase works by four artists that explore Islamic artistic identity."
Arts,"During Frieze London, Explore the Regent’s Park","The park has served as an inspiration for writers, poets and artists for decades."
Arts,Tate Modern Gives a Fuller View of the Blue Rider,Visitors of Frieze Week have an opportunity to see the exhibition that presents the group as an international and eclectic network of artists.
Arts,During Frieze Week There Is No Shortage of Things to See,Away from Frieze London and Frieze Masters are an abundance of exhibitions to explore.
Arts,London Lets Its Gardens Grow Wild,"In response to concerns over climate change and plummeting biodiversity, a shift is afoot in the city’s parks. Manicured is out; rugged is in."
Arts,‘Love Is Blind’: Body Language Expert Offers Clues for Season 7,"As Season 7 begins, an expert says figuring out a participant’s motivation is both an art and a science."
Arts,‘Modern Love Podcast’: Were We the ‘Fat Couple’?,"When Courtenay was alone with her boyfriend, her body shame disappeared. But when they left the house, it felt different."
Arts,Exploring Literary Dublin,"The Irish city, once home to the likes of James Joyce and Oscar Wilde, is known for its bookstores, libraries and pubs, where writers found inspiration over pints of Guinness."
Arts,"Best Halloween Books for Kids, According to R.L. Stine","As spooky season approaches, the master of children’s horror recommends creepy-crawly classics and modern thrills for young readers."
Arts,Read Your Way Around Hawaii,To read Hawaii is to understand that much of it will never be accessible to the masses. The writer Megan Kamalei Kakimoto recommends books that illuminate the islands’ rich history and storytelling spirit.
Arts,Late Night Goes Live After a ‘Dull’ Vice-Presidential Debate,Stephen Colbert was unenthused by Tuesday’s discourse between Tim Walz and JD Vance.
Arts,"Ken Page, Who Starred in ‘Cats’ and Voiced Oogie Boogie, Dies at 70",His career on Broadway spanned decades. But he has probably best known for providing the voice of the boogeyman in “The Nightmare Before Christmas.”
Arts,‘Water for Elephants’ to Close on Broadway,"The musical, based on the best-selling novel, featured dazzling acrobatics and puppetry. Its final performance will be Dec. 8."
Arts,"Frank Fritz, a Host of the Antiques Show ‘American Pickers,’ Dies at 60","He and his friend Mike Wolfe launched the treasure-hunting show in 2010, part of a wave of reality TV aimed at finding fortune in everyday items."
Arts,"John Amos, a Star of ‘Good Times’ and ‘Roots,’ Is Dead at 84",He was the patriarch in one of the first sitcoms with an all-Black cast and an enslaved African in the American South in a blockbuster TV mini-series.
Arts,"Alicia Keys, LaChanze and Kristin Chenoweth Celebrate Black Theater",The stage stars were among more than 600 people who turned out for an evening of dinner and performances to benefit Black Theater United.
Arts,"Ella Leffland, Novelist Drawn to Portraying Outsiders, Dies at 92","Her work often drew from her upbringing in California amid World War II, such as her intricate novel about the Nazi leader Hermann Goering."
Arts,A 64-Year-Old Literary Agent and TikTok Star Adds ‘Novelist’ to Her Résumé,"Betsy Lerner has spent decades in the publishing industry. Writing her first novel, “Shred Sisters,” unlocked a completely new side to her creativity."
Arts,"Best Movies and TV Shows Streaming in October: ‘Shrinking,’ ‘Disclaimer’ and More","“Citadel: Diana,” “Disclaimer,” “The Franchise,” “Star Trek: Lower Decks,” a Springsteen documentary and others arrive."
Arts,The Best Movies and TV Shows Coming to Netflix in October,Keri Russell is back and so is Ali Wong. Here’s a roundup of what’s worth checking out for U.S. subscribers this month.
Arts,6 of ‘The Greatest’ Songs,"Hear superlative tracks from Billie Eilish, Kenny Rogers and Alabama Shakes."
Arts,MacArthur Foundation Announces 2024 ‘Genius’ Grant Winners,"On Tuesday, 22 anonymously nominated Americans were recognized with fellowships and an $800,000 stipend."
Arts,"3 Ambitious Song Cycles, but Only One Connects Mind and Heart","Todd Almond’s “I’m Almost There” is a work of wonder, while Gabriel Kahane’s “Book of Travelers” and “Magnificent Bird” are less effective."
Arts,Musical Comedy ‘Operation Mincemeat’ to Open on Broadway Next Spring,The show is about a real World War II episode in which British intelligence planted disinformation on a dead body to fool the Germans.
Arts,2024 National Book Award Finalists Are Named,"Percival Everett’s “James,” Salman Rushdie’s “Knife” and Diane Seuss’ “Modern Poetry” are among the honorees. Winners will be announced next month."
Arts,New Children’s Museum of Manhattan to Open in 2028,Laurie M. Tisch has donated $50 million to the $300 million capital campaign for a new location on Central Park West.
Arts,Why Ryan Trecartin and Lizzie Fitch Escaped to Rural Ohio,A visit to Ryan Trecartin and Lizzie Fitch’s compound in the sticks.
Arts,Shuffling Some Whimsy Into Poker and Blackjack,The familiarity of the 52-card deck has enabled video game designers to win over players with humor and randomness.
Arts,Late Night Slams Trump’s Plan to Adapt ‘The Purge’,"“Good news: He stopped talking about Hannibal Lecter,” Jimmy Fallon said. “Bad news: He suggested we do ‘The Purge’ instead.”"
Arts,Sean Combs Will Try Another Appeal of Judge’s Decision to Deny Bail,Mr. Combs is in a Brooklyn jail awaiting trial on federal charges of sex trafficking and racketeering conspiracy.
Arts,"Roy Blakey, Ice Show Performer and Archivist, Is Dead at 94","He skated professionally for 15 years , but was best known for building a collection of more than 44,000 items, including some of Sonja Henie’s costumes and skates."
Arts,Stream These 11 Titles Before They Leave Netflix in October,"A slew of TV shows and movies are leaving for U.S. subscribers this month. Here’s a roundup of the ones worth catching, including a few great horror picks for the season."
Arts,"Based on a True Story, or a True Story? In ‘Baby Reindeer’ Lawsuit, Words Matter.","A defamation suit against Netflix boils down to how the company presented its story about Martha Scott, a fictionalization of what the show’s creator has described as a real-life stalking incident."
Arts,Kris Kristofferson: A Life in Pictures,"After years as a struggling songwriter, he found his voice with a direct, evocative style that launched his decades-long career as a musician, actor and activist."
Arts,Kris Kristofferson’s Stories Were Wonderfully Larger Than Life,"The singer, songwriter and actor, who died on Saturday at 88, found his way into situations and tales that underscored his role as a conscience for country music."
Arts,Kris Kristofferson Stood by Sinead O’Connor as the Boos Rained Down,"At a moment when the Irish singer had few people defending her, the country music veteran showed strong support. It created a bond that remained throughout their lives."
Arts,‘Rust’ Armorer Is Denied New Trial After Dismissal of Alec Baldwin’s Case,The armorer’s lawyers failed to convince the judge that the same evidence dispute that led her to toss the actor’s manslaughter charge had deprived their client of a fair trial.
Arts,"Gavin Creel, Tony-Winning Musical Theater Actor, Dies at 48","He won the award playing a Yonkers feed store clerk in “Hello, Dolly!” and was also nominated for roles in “Thoroughly Modern Millie” and “Hair.”"
Arts,The Hammer Museum in Los Angeles Chooses a New Director,"Stepping into Ann Philbin’s shoes will be Zoë Ryan, the director of the Institute of Contemporary Art at the University of Pennsylvania."
Arts,Billie Eilish Brings a Master Class in Intimacy to the Arena Stage,"Hit Me Hard and Soft: The Tour opened in Canada on Sunday night, showcasing the 22-year-old pop star’s gift for dynamics, dramatics and audience engagement."
Arts,Oasis Adds North American Shows to Reunion Tour,Liam and Noel Gallagher’s band will stop in three American cities plus Toronto and Mexico City in August and September 2025.
Arts,Kris Kristofferson: 12 Essential Songs,"The country singer and songwriter, who died on Saturday at 88, tucked enduring aphorisms into tales about facing up to loss."
Arts,Donors Say Manresa Island in Connecticut Could Become a Park,"Austin and Allison McChord have pledged to transform an abandoned industrial site into an ecological waterfront park as a gift to Norwalk, Conn., their hometown."
Arts,Three Great Documentaries to Stream,"This month’s picks cover Wisconsin moviemaking, New York music-making and Florida moneymaking."
Arts,Disoriented in America: Two Political Plays Reflect a Changed Country,"The Off Broadway plays “Fatherland” and “Blood of the Lamb” explore the grief, anger and fear of no longer recognizing the country you love."
Arts,Dancing in an Emotional Washing Machine,"Botis Seva, a rising British choreographer who mixes hip-hop and contemporary dance, brings his Olivier Award-winning “BLKDOG” to New York."
Arts,‘Patrice: The Movie’ Review: At a Crossroads,The emotional core of this crowd-pleasing documentary concerns a couple who cannot marry without jeopardizing their disability benefits.
Economy,"Dockworkers’ Strike Halts Commerce at Newark Port, Affecting the Supply Chain Ecosystem","The strike by longshoremen has halted commerce at Newark and other ports on the East and Gulf Coasts, affecting an ecosystem of supply-chain workers."
Economy,Biden Scrambles to Contain Economic and Political Fallout of Port Strike,The labor dispute has forced President Biden and Vice President Kamala Harris into a complicated position just weeks before the election.
Economy,U.S. Raises New Concerns Over Chinese Lending Practices,A Treasury official will call for greater transparency over emergency currency “swap” loans to struggling countries by China’s central bank.
Economy,"How the Port Strike Could Affect Certain Supply Chains: Bananas, Coffee and More","Transportation and warehousing sectors are poised to first feel the pinch, with a broader economic fallout expected if the strike drags on."
Economy,Port Strike Begins on East and Gulf Coasts,"Members of the International Longshoremen’s Association walked out for the first time since 1977 in a standoff over wages, benefits and job security."
Economy,"A New Fine-Dining Restaurant in London, Staffed by Ex-Homeless People","In London’s upmarket Primrose Hill, a Michelin-starred chef is employing people on the edge of homelessness as chefs, wait staff and cocktail makers."
Economy,Powell Points to Two More Normal-Size Rate Cuts This Year,"Jerome H. Powell, chair of the Federal Reserve, said that central bankers will lower rates as much as needed, but have forecast two more quarter-point rate cuts this year."
Economy,Port Workers Strike: What to Know About Locations and Products Affected,"Thousands of dockworkers who load and unload cargo ships walked off the job on Tuesday, halting nearly all activity at ports from Maine to Texas."
Economy,U.S. Ramps Up Hunt for Uranium to End Reliance on Russia,"Miners aim to meet a growing demand for emissions-free energy, though a failure to clean up old sites haunts the industry."
EnergyEnvironment,"Harris, in Michigan, Tries to Head Off Trump’s Attacks Over Gas Cars","Kamala Harris, who has faced a flurry of Trump ads in Michigan misleadingly arguing that she wants to ban gas cars altogether, promised, “I will never tell you what kind of car you have to drive.”"
EnergyEnvironment,Supreme Court Lets Biden Plans on Mercury and Methane Move Forward,Republican-led states and industry groups argued that the Environmental Protection Agency had moved too fast and imposed onerous regulations.
EnergyEnvironment,A NOAA Climate Agency in Asheville Was Knocked Out by Helene,"The National Centers for Environmental Information in Asheville, N.C., sweep together data from around the world to help track Earth’s warming."
EnergyEnvironment,How North Carolina Republicans Left Homes Vulnerable to Helene,"Under pressure to control housing costs, Republican lawmakers rejected standards meant to protect against disasters, experts say."
EnergyEnvironment,A Climate Fund Could Pay Billions to Protect Trees in Amazon and Beyond,"Brazil is proposing a fund that would pay countries to protect tropical forests that are crucial to curbing climate change. It would generate returns, too."
EnergyEnvironment,Iowa Farmers Are Restoring Tiny Prairies for Sustainability Boons,"Farmers in the heartland are restoring swaths of the prairie with government help. The aim is to reduce nutrient runoff from cropland, and help birds and bees."
EnergyEnvironment,"In Helene’s Wake, Legal Battles Over Insurance and Who Should Pay","As storms intensify, so do the legal clashes with insurers, aid agencies and others over compensation, rebuilding and even scams."
EnergyEnvironment,Biden to Sign Bill Allowing Chip Projects to Skirt Key Environmental Review,"The legislation, which would weaken federal environmental reviews for certain semiconductor manufacturing projects, has divided Democrats."
EnergyEnvironment,F.T.C. Clears Chevron’s Purchase of Hess With Board Condition,The Federal Trade Commission said the oil giant could acquire the smaller company as long as the chief executive of Hess did not join its board.
EnergyEnvironment,U.S. Approves Aid to Restart Palisades Nuclear Plant,"No one has ever restarted an American nuclear reactor that was seemingly closed for good. But with electricity demand spiking, interest is growing."
Technology,Meta Unveils New Instant A.I. Generator,The tech giant is among the many companies building technology that could remake Hollywood — or help spread disinformation.
Technology,Can California Regulate A.I.? + Silicon Valley’s Super Babies + System Update!,"“In the United States, we have 50 laboratories of democracy and they’re called states.”"
Technology,OpenAI Adds $4 Billion Credit Line on Top of $6.6 Billion Investment Round,The San Francisco company is gathering the billions its executives believe they will need to continue building new A.I. technology.
Technology,Abuse Claims Add to Telegram C.E.O. Pavel Durov’s Legal Troubles,The mother of three children with Pavel Durov has poked holes in the Russian tech titan’s carefully managed image through a criminal complaint and her account of their opulent lifestyle.
Sports,"N.F.L. Players Are Open to Playing an 18th Game, With Some Conditions","It seems like a matter of when, and not if, we see an expansion of the schedule, a columnist for The Athletic writes."
Sports,Rising N.F.L. Prospects That Could Be Surprise First-Rounders,The Athletic’s draft expert breaks down three non-quarterback college stars who have generated a buzz among league scouts.
Sports,What We Learned From a Dramatic M.L.B. Wild-Card Round,"Under the current playoff format, sweeps have been the norm, but home teams have largely lost their series."
Sports,How an N.F.L. Journeyman Gave the Falcons Another Unlikely Win,"On Thursday night, KhaDarel Hodge caught two passes, the second of which he took 45 yards for the winning touchdown in overtime."
Sports,Aaron Judge Is the Yankees’ Superman. But the Royals May Have His Kryptonite.,"New York’s star has just one hit and 11 strikeouts in 18 career at-bats against Michael Wacha, a righty veteran."
Sports,"Paolo Banchero Has Come So Far, So Fast. But There’s Still More to Do.","Heading into his third year in the N.B.A., the Orlando Magic star is developing his game and his voice: “You can’t ever be quiet.”"
Sports,The Former N.F.L. Great Pursuing an Olympic Curling Spot,"After a 12-year professional football career, Jared Allen found a new sport."
Sports,What College Football Can Learn From the Matthew Sluka N.I.L. Saga,"Players are finally allowed to monetize their name, image and likeness, but there are still no clear guidelines governing the marketplace."
Sports,The F1 Academy Driver Racing Toward the Pinnacle of Motorsport Her Own Way,Chloe Chambers is proof that a driver can thrive in motorsports without making the full-time Europe jump.
Science,"The Oldest Termite Mound? 34,000 Years and Counting.",Scientists recently found the planet’s longest continuously occupied termite colony in an arid region of South Africa. It dates to the time of the Neanderthals.
Science,Scientists Found a Surprising Way to Make Fungus Happy,The discovery that sound improves the growth rate of beneficial fungus suggests that dirges in the dirt may help restore forests.
Science,Researchers Find Cannibalized Victim of 19th-Century Arctic Voyage,A new study offers clues to a 179-year-old mystery that killed more than 100 explorers on the Franklin expedition in the Canadian Arctic.
Science,Ex-OceanGate Employee’s Remarks Hint at Titan Disaster Lawsuits to Come,A former Coast Guard specialist’s testimony capped two weeks of hearings into the implosion of a submersible that killed five during an attempt to explore the Titanic.
Science,DNA Reveals the Origin Stories of America’s Captive Tigers,Scientists have wondered if the many captive tigers in the United States could one day help restore the species in the wild.
Science,The Food of Space Travel Could Be Based on Rocks,Scientists are studying whether future astronauts on deep-space journeys could transform compounds in asteroids into food.
Science,"As Bird Flu Spreads, Two New Cases Diagnosed in California",Both patients were dairy workers whose illnesses were mild. Investigators are continuing to evaluate the contacts of a Missouri patient who had no exposure to animals.
Science,What to Know About the 2024 Nobel Prizes,The annual prizes will be announced beginning Monday.
Science,Nighttime Depression Is a Real Thing,There are lots of reasons your mood might tank at night. Here’s how to address the bedtime blues.
Science,What to Know About Test Alternatives to Colonoscopies for Colon Cancer Screening,Doctors can provide alternative forms of screening for colon and rectal cancer but sometimes have a good reason to stick with the colonoscope.
Science,Trump Promised to Release His Medical Records. He Still Won’t Do It.,"If elected again, he would become the oldest president by the end of his term. Yet he is refusing to disclose even basic health information."
Health,"As America’s Marijuana Use Grows, So Do the Risks","The drug, legal in much of the country, is widely seen as nonaddictive and safe. For some users, these assumptions are dangerously wrong."
Health,Stories of Marijuana’s Little-Known Harms: ‘It Took Over Everything’,A growing number of marijuana users in the U.S. are experiencing severe health problems like these.
Health,What to Know About the Marburg Virus Disease Outbreak,"In Rwanda, 11 deaths have been reported from this rare but deadly disease. Two people tested negative in Germany this week."
Health,"‘Mom, I Want to Live’: A Young Girl Battles War and Cancer","Sonya Liakh was diagnosed with eye cancer at age 2. After Russia’s invasion of Ukraine disrupted her treatment, her family faced a desperate struggle."
Arts,"Arts District, Decades in the Making, in Ruins After Helene","The hurricane damaged an estimated 80 percent of the buildings in the River Arts District of Asheville, N.C., and upended the lives of artists who had recast the city as a cultural force."
Arts,"In ‘La Máquina,’ Gael García Bernal and Diego Luna Get a Rematch","For their first screen roles together since 2012, the longtime friends undertook a Spanish-language series about a boxer who must fight for his life."
Arts,"Atlanta Opera Is Growing, and Bucking Trends","Under the leadership of Tomer Zvulun, Atlanta Opera powered through the pandemic, has tripled its budget and is producing ambitious work."
Arts,Oliver Sacks Archive Heads to the New York Public Library,"The voluminous papers of the celebrated neurologist include letters, notebooks, drafts and other traces of a man who couldn’t stop writing."
Arts,‘The Franchise’ Review: Cutting Marvel Down to Size,A new HBO comedy takes a jaundiced look at the making of a second-rate superhero film.
Arts,Extreme Weather Gives Video Games a Powerful Adversary,Designers are increasingly able to render weather conditions as not just evocative visual effects but phenomena that physically affect the player.
Arts,How to Watch Horror Movies Without Being Too Scared,"How to get into the season, even if you’re squeamish."
Arts,"We Want to Know Your Questions About Theater, Film, Music and Culture",Your culture and entertainment questions answered by New York Times journalists and experts.
Arts,"Lauren Mayberry’s Lush Pop Ecstasy, and 13 More New Songs","Hear tracks by Bartees Strange, the Smile, Ela Minus and others."
Arts,"5 New Horror Movies to Stream for Halloween on Hulu, Max and More","Out this week, a period possession movie starring Sarah Paulson, a chef-driven supernatural thriller starring Ariana DeBose and more."
Arts,‘Food and Country’ Offers a Close Look at How America Feeds Itself,“Food and Country” argues that our food production systems don’t work and offers potential solutions.
Arts,When John Amos Had Enough of the ‘Good Times’,"The actor, whose death was announced this week, made it known he didn’t like the direction the hit show was going. His character was then killed off."
Arts,Los Angeles District Attorney Says He Is Reviewing Menendez Brothers Case,Interest in the Menendez brothers has intensified after the release of a new Netflix drama about the case. A separate documentary is forthcoming.
Arts,Brooklyn Museum at 200 Celebrates Beauty and Art’s Hidden History,A new American wing draws on feminist and racially and ethnically diverse thinking to spotlight 400 exceptional works in its collection.
Arts,"Richard Mayhew, Painter of Abstract Landscapes, Dies at 100","He drew from his Black and Native American heritage, as well as his own memory, to find an emotional resonance behind the beauty of nature."
Arts,10 Unforgettable Kris Kristofferson Covers,"Many of his songs are better known by other singers’ interpretations, like Janis Joplin’s “Me and Bobby McGee,” Johnny Cash’s “Sunday Morning Coming Down” and more."
Arts,Five Action Movies to Stream Now,"This month’s picks include cool fighter pilots, a feminist queen and urban turf wars."
Arts,"Saoirse Ronan Has Lived, and Acted, Through a Lot","At 30, the Irish actress has already spent two decades in front of the camera, collecting many awards. Her two latest projects are also generating Oscars buzz."
Arts,5 New Movies Our Critics Are Talking About This Week,"Whether you’re a casual moviegoer or an avid buff, our reviewers think these films are worth knowing about."
Arts,Cady Noland and the Art of Control,"Cady Noland, who became the darling of the art world, has tested the limits."
Arts,Late Night Heaps Scorn on Trump’s Latest Defense,Jimmy Kimmel said Donald Trump was “partially right” in denying interference in the 2020 election: “He tried to rig the election and failed to rig the election.’
Arts,Time-Traveling Film ‘Safety Not Guaranteed’ Hits Some Bumps Onstage,"Adapted from the offbeat 2012 movie, this new musical about loneliness and the longing for do-overs is promising but still needs to find its shape."
Arts,Garth Brooks Is Accused of Rape and Sexual Assault in Lawsuit,A woman who worked as a hair and makeup stylist for the country superstar says he subjected her to repeated advances. Mr. Brooks said it is “behavior I am incapable of.”
Arts,8 New Books We Recommend This Week,Suggested reading from critics and editors at The New York Times.
Arts,‘Where’s Wanda?’ Is a Charming German Dramedy,A small-town European murder mystery but more stylish than most — and less miserable.
Arts,‘Rust’ Western Will Premiere in Europe 3 Years After Fatal Shooting,"After the Alec Baldwin movie turned into the scene of a tragedy with the death of its cinematographer, the film will debut next month at a festival that celebrates cinematography."
Arts,‘The Rings of Power’ Season 2 Finale Recap: Highs and Lows,"The second season ended in a whirlwind of fire and steel, darkness and light, capping an eight-episode run with many ups and downs."
Arts,Lawyers for a Sean Combs Accuser Ask to Withdraw From Her Case,"A dispute between Adria English, who has accused Mr. Combs of sexual misconduct, and her lawyers is the latest twist in the civil litigation the music mogul is facing."
Arts,‘Joker: Folie à Deux’ Review: Make ’Em Laugh (and Yawn),"Todd Phillips’s “Joker” sequel stars Joaquin Phoenix and Lady Gaga who sing and dance like crazy kids, but the movie is seriously un-fun."
Arts,"From One Nonagenarian Artist to Another, a Tip of the Hat",Alex Katz admired a Mark di Suvero sculpture and gave it to the Brooklyn Museum. It now has pride of place in the museum’s 200th anniversary celebration.
Arts,What to See in N.Y.C. Galleries in October,"This week in Newly Reviewed, Martha Schwendener covers Dennis Kardon’s wonderfully strange paintings, Klara Liden’s green vistas and Sheryl Sutton’s mesmerizing movements."
Arts,What James Ensor Knew About the Masks We Wear,"Seventy-five years after the artist’s death, the grotesque masquerades he painted aren’t so far from the manipulated faces of the present day."
Arts,"She Was Diagnosed With Brain Cancer, Then Wrote a Rom-Com About It","Sophie Kinsella, the author of “Confessions of a Shopaholic,” packs love, laughter and a harrowing real-life health ordeal into a 133-page novella."
Arts,‘Blink’ Review: The Last Things They May See,"In this travel documentary, two parents take their children on a spectacular world tour before a rare genetic condition may cause blindness."
Arts,‘Daaaaaalí!’ Review: Keeping It Surreal,The French absurdist director Quentin Dupieux did not make a biopic of Salvador Dalí — he adopted the Surrealist painter’s approach to deliver a particularly loopy tale.
Arts,Tory Burch Shares Her Makeup and Skin-Care Essentials,"Plus: a new hotel on the Athens Riviera, salvaged jewelry and more recommendations from T Magazine."
Arts,‘Saturday Night Live’: 11 Defining Political Sketches,"Since the 1970s, the late-night institution has offered up definitive impersonations of American presidents and other politicians. Here are its most memorable political sketches."
Arts,7 Books Like ‘Heartstopper’ to Read After You Binge Season 3 on Netflix,"Earnest love stories by Rainbow Rowell, TJ Klune and Talia Hibbert will tug at your heartstrings while grappling with real, often dark, issues."
Arts,"‘White Bird’ Review: After ‘Wonder,’ a Bully Moves On","A boy starts a new school and gets a history lesson from his grandmother, played by Helen Mirren."
Arts,‘It’s What’s Inside’ Review: I Gotta Be You,A limp body-swapping comedy doesn’t really know what makes its subgenre so funny.
Arts,‘The Outrun’ Review: From Rock Bottom to Recovery,Saoirse Ronan gives another stunning performance in a story about an alcoholic in search of healing.
Arts,‘Intercepted’ Review: The Awful Intimacy of the War in Ukraine,"In leaked phone calls home, Russian soldiers grapple with the war they’re waging. This new documentary sets the calls’ swagger and anguish against images of the invasion’s devastation."
Arts,"At Frieze London, Artists Make Connections Through Clay","In a new section, Indigenous and expatriate artists explore land loved, lost and left behind in a medium well suited to the task: ceramics."
Arts,"Ahead of Frieze London, Three British Artists Reflect","Tapped to curate a new section of the fair, Yinka Shonibare, Zenib Sedira and Lubaina Himid discuss what has been lost, and gained, since Brexit hit the London art market."
Arts,"In London, a Showcase of Art From the South Asian Diaspora","The collector and curator Rajan Bijlani will showcase the works of six artists and his sizable design collection in “Syncretic Voices,” a Frieze Week exhibition."
Arts,Artist Lee Bul Ruffles the Met’s Staid Niches,The artist for the fifth Facade Commission created Cubist sculptures that look forward and backward. The question is what more the Met can do going forward.
Arts,"In Tokyo, a Small Gallery Focuses on Conceptual Art","Striving to be unique, it is bringing attention to artists from around the world whose works have rarely been seen in Japan."
Arts,"As Taylor Swift and Others Revive Cassettes, Fans Look for Tape Decks","Musicians and fans have developed a new taste for an old format, but manufacturers largely stopped making players. Listeners are finding creative (and vintage) solutions."
Arts,Tehching Hsieh Changed the Art World. Then He Left It All Behind.,"With his extreme performance art, Tehching Hsieh gave the word endurance new meaning. In retirement, he’s working on cementing his legacy."
Arts,Frieze London: Billy Childish Refuses All Labels,"The British musician, artist and writer will do a live painting session at Frieze London. These days he’s focusing on landscapes and his family."
Arts,Late Night Sums Up a Strangely Chill VP Debate,"Jimmy Fallon said viewers “were expecting a horror movie, but instead, they got a Hallmark movie.”"
Economy,Ports Rush to Reopen After Dockworker Strike Is Suspended,"Days after tens of thousands of longshoreman along the East and Gulf Coasts walked out, their union and their bosses reached a tentative agreement on wages."
Economy,"Port Strike’s End Is an Economic Relief to Savannah, Ga.","The Georgia city is a picturesque tourist destination. It’s also the No. 2 ocean cargo hub on the East Coast, and the dock strike’s quick end was a relief."
Economy,Jobs Report Gives Kamala Harris Another Boost,"Recent reports have shown inflation slowing and the economy growing at a robust clip. The Fed has also cut interest rates, bringing mortgage rates down."
Economy,A Strong Jobs Report Suggests the Economy Is More Resilient Than We Thought,"After months of wobbling, a fresh jobs report showed that hiring and wage growth are strong, aligning with other robust economic data."
Economy,"U.S. Employers Add 254,000 Jobs in September as Economic Growth Remains Solid","U.S. employers added 254,000 jobs in September, a sign that economic growth remained solid. The unemployment rate fell to 4.1 percent."
Economy,The Pandemic Small Business Boom Is Still Helping to Fuel the Economy,"A record surge in new businesses has helped drive job growth, and could have longer-term benefits."
Economy,Port Strike Suspended After Dockworkers’ Union Receives New Wage Offer,"The International Longshoremen’s Association received a new wage offer and will halt its walkout at East and Gulf Coast ports, which began Tuesday."
Economy,U.S. Faces Economic Turbulence Just as Recession Fears Eased,"War in the Middle East, a strike by port workers and a devastating hurricane injected uncertainty into the U.S. economy."
Economy,"Harold Daggett, Port Strike Leader, Seeks Big Raises for Dockworkers",Harold J. Daggett is seeking big raises for longshoremen on the East and Gulf Coasts who have fallen behind workers on the West Coast.
Economy,"Trump and Harris Want to Revive Manufacturing, but How Much Could They Actually Do?","The policy focus on the industry has changed from job quantity to job quality. And while federal incentives matter, local factors are more important."
Economy,The Whiskey Industry Is Bracing for a Trade War if Trump Wins. It’s Not Alone.,"Business owners and foreign governments are preparing for high tariffs and trade disruptions, depending on the outcome of the election."
